phoneme,group,feature,n,mean,median,sd,iqr,cv
a,L1F,F1_lob,303,0.9282756147221295,0.9843256155874952,0.6863025569099717,0.7086973367519599,0.7393305889171825
a,L1F,F2_lob,303,-0.3151093215305261,-0.6523491430938361,0.6798889749974126,1.1858530624607075,2.1576288879526166
a,L1M,F1_lob,1033,0.7943137483220284,0.7396944500408227,0.9371803941803057,0.7228258554839033,1.179861731161119
a,L1M,F2_lob,1033,-0.2890294129762094,-0.3603050175556359,0.5904614500835776,0.8464325164922315,2.042911287136648
a,L2F,F1_lob,1462,0.7654733187883721,0.8171712928029231,0.7077542033555722,0.668405104722823,0.9245968291564224
a,L2F,F2_lob,1462,-0.3887803717999443,-0.5062423550243997,0.45628979908526623,0.6403360805403648,1.1736441245034368
a,L2M,F1_lob,301,0.9142960343149691,0.9789099354939954,0.6893072019149826,0.7567261659629956,0.7539212421843675
a,L2M,F2_lob,301,-0.3162170078061044,-0.387127006357892,0.4988595481438084,0.7576924981617623,1.577586074844195
ɑ,L1F,F1_lob,129,0.2098160436384736,0.2234731136610132,0.443856045661536,0.6802932566604429,2.1154533178898762
ɑ,L1F,F2_lob,129,-0.953618953525614,-0.9664285924895444,0.1748294199007592,0.2709146597614811,0.18333257665905162
ɑ,L1M,F1_lob,479,0.3770785353417323,0.4087532925915879,0.3652704893427721,0.37406619887226883,0.9686854464196457
ɑ,L1M,F2_lob,479,-0.8889981463199734,-0.90120438683869,0.2132210394463701,0.15489084903540118,0.2398441890222191
ɑ,L2F,F1_lob,262,0.39699860864767017,0.4438750442856797,0.8031209807951859,0.8045845683124564,2.0229818525836265
ɑ,L2F,F2_lob,262,-0.7823862238429087,-0.8163065512792407,0.34276010508517407,0.2658504660687194,0.43809578267062527
ɑ,L2M,F1_lob,137,0.35733751675238895,0.3803720905639235,0.3497806150833778,0.3157186754615452,0.9788522018687236
ɑ,L2M,F2_lob,137,-0.9237056528270764,-0.8999016467209968,0.3004782936497408,0.38360511792753793,0.3252965841771159
e,L1F,F1_lob,24,-0.43716248438504346,-0.6295849150673118,0.48658006161457884,0.7110668173090512,1.1130416698474277
e,L1F,F2_lob,24,0.8643737272832608,0.8412195105411888,0.13555377920898767,0.15038018885801707,0.15682311357962622
e,L1M,F1_lob,85,-0.1225984387683525,-0.2845192319918166,0.5330143313247077,0.9330702786508104,4.347643711285985
e,L1M,F2_lob,85,0.6180553236262789,0.6732382944256712,0.32593969587385513,0.388600499591995,0.5273633013327815
e,L2F,F1_lob,107,-0.2489985783763124,-0.2480947398559038,0.4382347934238716,0.5546961550003755,1.7599891384181554
e,L2F,F2_lob,107,0.5573295812106803,0.6780495790094703,0.7200854714390685,0.7158928935501926,1.2920280848449415
e,L2M,F1_lob,25,-0.29168618545130287,-0.3039316185217443,0.22763748355950952,0.3073362437944727,0.7804191453472646
e,L2M,F2_lob,25,0.7959323550804146,0.8312210327026311,0.3081961151437431,0.23579445241820285,0.38721395502587086
ɛ,L1F,F1_lob,36,0.20377163536032172,0.3467245302267819,0.4753955877334847,0.48463781632581404,2.3329821488297946
ɛ,L1F,F2_lob,36,0.7836868653424319,0.850097580859902,0.21781127719662483,0.28797499472591426,0.2779315142680772
ɛ,L1M,F1_lob,126,0.16900768606857258,0.14496611801179896,0.2695358241890664,0.3342216066320531,1.5948140020076123
ɛ,L1M,F2_lob,126,0.6506080260914608,0.6823424713155614,0.29458197116588136,0.4377778311908889,0.45277949141757096
ɛ,L2F,F1_lob,143,0.028805481783671257,0.0460643974165747,0.4325069417349304,0.6429411049499956,15.014744241497196
ɛ,L2F,F2_lob,143,0.4239745752542344,0.6267145356853722,0.7700591616952813,0.6970335200479512,1.8162861799755774
ɛ,L2M,F1_lob,42,-0.2036123563901595,-0.19014354602009376,0.3369486030579223,0.3839713471713518,1.6548534137695725
ɛ,L2M,F2_lob,42,0.8897571779296074,0.9138637129307485,0.25719527352731814,0.3252425247540416,0.28906231936874127
i,L1F,F1_lob,204,-0.9266735537522791,-0.9991268870292964,0.48507123753205594,0.5262026984114752,0.5234542796305229
i,L1F,F2_lob,204,1.2739589537185794,1.2807562895960047,0.2756309231685192,0.21106843490842886,0.21635777382306995
i,L1M,F1_lob,706,-1.072856593505059,-1.1198426208753833,0.2973845775281279,0.37303279605101203,0.2771894951556968
i,L1M,F2_lob,706,1.3318286437985623,1.3542344650693847,0.40229654628141526,0.26332068274703646,0.3020632933182823
i,L2F,F1_lob,778,-1.0344565463135578,-1.0707544540765754,0.4368472282927068,0.45102138289251337,0.4222963543993007
i,L2F,F2_lob,778,1.332027207703863,1.5199154115101887,0.7676281286815078,0.42684610278773993,0.5762856225772884
i,L2M,F1_lob,184,-1.1634208921741394,-1.2013840586697953,0.27108532445141326,0.2671077215988287,0.23300709680812362
i,L2M,F2_lob,184,1.3554430897196048,1.4326531590489542,0.48914155054904684,0.37273444736713923,0.360872067782819
o,L1F,F1_lob,12,-0.9182379196588699,-0.8788167295737721,0.1289175461969685,0.23605350453056695,0.14039667000994907
o,L1F,F2_lob,12,-0.7605217188473886,-0.7749287324264811,0.1904204150724486,0.29880313127905955,0.25038129793458225
o,L1M,F1_lob,42,-0.5372042524333194,-0.523053784562637,0.19585166680453206,0.19120163922148586,0.3645757938761704
o,L1M,F2_lob,42,-0.5456088129011876,-0.5637198317092776,0.2065712567896382,0.23210835985209155,0.3786068917971258
o,L2F,F1_lob,48,-0.6111058571011462,-0.6371437297993796,0.2337161782167312,0.3156151008028428,0.38244794334878723
o,L2F,F2_lob,48,-0.5132724024734029,-0.493749625414539,0.32407953972419895,0.4321498415976005,0.6313987234897016
o,L2M,F1_lob,12,-0.5126624539427739,-0.4953817586005469,0.27654191691555347,0.48223037298576754,0.5394229961424531
o,L2M,F2_lob,12,-0.8047316915352655,-0.8029895334149576,0.11785800176992924,0.1667119044812826,0.1464562698470095
u,L1F,F1_lob,73,-1.0483295652083706,-0.9698304751770026,0.38816583320178594,0.5161652492499037,0.3702708061320701
u,L1F,F2_lob,73,-1.2722154405308121,-1.3315211142891905,0.36878139390786935,0.4076601753054978,0.2898733832015127
u,L1M,F1_lob,250,-0.7269848947523904,-0.7415670040177387,0.33198979754917357,0.38480245964496274,0.4566667064825998
u,L1M,F2_lob,250,-1.3113784412461227,-1.335788550564943,0.4093926059578033,0.5574072271784261,0.31218494454490386
u,L2F,F1_lob,317,-0.96558889450177,-0.9971190314609404,0.35240221432237256,0.36570420452177577,0.36496092315167633
u,L2F,F2_lob,317,-1.1233601807478601,-1.2164667608692008,0.4881066016702421,0.5925057664419762,0.434505878021502
u,L2M,F1_lob,73,-1.0488556459490983,-1.0432115181188757,0.2731249572050218,0.2814658916180376,0.26040280972876295
u,L2M,F2_lob,73,-1.1118955175214447,-1.18006355341332,0.6007834351516016,0.6320974543405644,0.5403236416410991
y,L1F,F1_lob,60,-1.2260768730074645,-1.1854864777771028,0.3403091014792016,0.3608020504315228,0.27755935127008124
y,L1F,F2_lob,60,0.4661835021071981,0.5378951290473752,0.5110765942063468,0.5193056277323556,1.0962991866855587
y,L1M,F1_lob,213,-0.6165563817385106,-0.894064069405674,1.1460612353457562,0.3747633177870737,1.8588101093272202
y,L1M,F2_lob,213,0.3129427848203737,0.3777074739302403,0.4747566113231854,0.5991875978957788,1.517071600151099
y,L2F,F1_lob,205,-1.009757982902507,-1.0385236971998892,0.49933272360876896,0.40275336311217336,0.4945073295419344
y,L2F,F2_lob,205,0.176155691351958,0.2051905289509584,0.5161205674243005,0.6776206787577097,2.929911395216262
y,L2M,F1_lob,60,-0.9998695227019988,-1.0578932335044642,0.47280291716869316,0.36385870659936737,0.4728646152660134
y,L2M,F2_lob,60,0.1563306421811043,0.43863060842020435,0.7225809142329683,0.49139033950024424,4.622132322567193
ø,L1F,F1_lob,24,-0.6911358194926724,-0.669539613102085,0.16233027984660992,0.2519367861208467,0.23487464441615585
ø,L1F,F2_lob,24,0.3597737237691785,0.3977788965632396,0.34495161499084126,0.3649593698113329,0.9588015805516505
ø,L1M,F1_lob,84,-0.5471798751293948,-0.5309193598365854,0.22021841029416056,0.2899699108859969,0.4024607269082845
ø,L1M,F2_lob,84,0.018544823730542125,0.042030153312502,0.22612441382435186,0.2807309113801342,12.193397851063937
ø,L2F,F1_lob,95,-0.4381389748376123,-0.4788810985964722,0.352203030973105,0.6100815394011111,0.8038614485361458
ø,L2F,F2_lob,95,0.03405384448646476,0.1398783815858495,0.43093467114051254,0.509475700065799,12.654508694658379
ø,L2M,F1_lob,25,-0.5441421619335144,-0.5871109921222945,0.30237033007976105,0.3066211295030421,0.5556825977339097
ø,L2M,F2_lob,25,0.20458196931281625,0.3469172080135755,0.4372182024560467,0.17502666160916994,2.137129698793337
ə,L1F,F1_lob,19,-0.6316885372890642,-0.2828482560592518,1.1632322833360629,1.2714116692927508,1.8414649224571276
ə,L1F,F2_lob,19,0.15858235143659583,0.2280512308297647,0.21764804533673848,0.24869622971910943,1.3724607017430828
ə,L1M,F1_lob,11,-0.39201407081250733,-0.3408470383825527,0.450088469256811,0.5111050238483386,1.148143658017009
ə,L1M,F2_lob,11,-0.10749321507603304,-0.1777039209988981,0.185061552372387,0.342389304647356,1.721611473258918
ə,L2F,F1_lob,83,-0.2210483859556258,-0.3438143969600929,0.8968712274373066,1.145303361831471,4.05735252741157
ə,L2F,F2_lob,83,-0.07353448686246603,0.0168073720833999,0.5449012816461923,0.5773297379053142,7.41014597226114
ə,L2M,F1_lob,4,0.5192343226908558,0.5083528825991102,0.1740017873229144,0.12935857449716648,0.33511225995457244
ə,L2M,F2_lob,4,0.1924896932884923,0.3626171065231027,0.636021468896498,0.6890886363448917,3.304184541160166
